{
  "description": "Modality ablation analysis across 5 CV folds",
  "training_time_ablation": {
    "pcc_drug_4modal": {
      "mean": 0.4552723169326782,
      "std": 0.023057077250632472,
      "folds": [
        0.44301971793174744,
        0.4531998634338379,
        0.4697847068309784,
        0.4890393614768982,
        0.4213179349899292
      ]
    },
    "pcc_drug_3modal": {
      "mean": 0.44460129737854004,
      "std": 0.05732481104378322,
      "folds": [
        0.5236412286758423,
        0.47319430112838745,
        0.3533901572227478,
        0.45773857831954956,
        0.4150422215461731
      ]
    },
    "delta_pcc_drug": 0.010671019554138184,
    "paired_ttest_p": 0.7578716205378293,
    "variance_reduction_pct": 59.77818883167,
    "n_drugs_improved_majority": 6,
    "n_drugs_total": 13
  },
  "per_drug_ablation": {
    "Cisplatin": {
      "pcc_4modal": {
        "mean": 0.47837465999999995,
        "std": 0.04566010680127543,
        "folds": [
          0.48960635,
          0.48383856,
          0.42178282,
          0.44233292,
          0.55431265
        ]
      },
      "pcc_3modal": {
        "mean": 0.496874218,
        "std": 0.09906407295745766,
        "folds": [
          0.63845456,
          0.5254374,
          0.3420229,
          0.44388637,
          0.53456986
        ]
      },
      "delta": {
        "mean": -0.018499558000000006,
        "std": 0.07606434208072252,
        "folds": [
          -0.14884820999999998,
          -0.04159884000000008,
          0.07975991999999998,
          -0.0015534499999999563,
          0.01974279000000001
        ]
      },
      "improved_folds": 2
    },
    "Docetaxel": {
      "pcc_4modal": {
        "mean": 0.51182409,
        "std": 0.0771394951150662,
        "folds": [
          0.58776087,
          0.43574762,
          0.48379633,
          0.43366838,
          0.61814725
        ]
      },
      "pcc_3modal": {
        "mean": 0.511028556,
        "std": 0.12218846733267055,
        "folds": [
          0.6949578,
          0.5028684,
          0.3351379,
          0.44103214,
          0.58114654
        ]
      },
      "delta": {
        "mean": 0.0007955340000000199,
        "std": 0.08889974448716274,
        "folds": [
          -0.10719692999999997,
          -0.06712077999999999,
          0.14865843,
          -0.007363759999999997,
          0.03700071000000005
        ]
      },
      "improved_folds": 2
    },
    "Paclitaxel": {
      "pcc_4modal": {
        "mean": 0.454907662,
        "std": 0.05739423619792718,
        "folds": [
          0.35976657,
          0.45722646,
          0.51915336,
          0.43126532,
          0.5071266
        ]
      },
      "pcc_3modal": {
        "mean": 0.38941063800000003,
        "std": 0.09576789252544203,
        "folds": [
          0.48144877,
          0.46130148,
          0.21052061,
          0.3896601,
          0.40412223
        ]
      },
      "delta": {
        "mean": 0.06549702399999999,
        "std": 0.1421048428192828,
        "folds": [
          -0.12168220000000002,
          -0.004075019999999985,
          0.30863275,
          0.04160522,
          0.10300436999999996
        ]
      },
      "improved_folds": 3
    },
    "Gemcitabine": {
      "pcc_4modal": {
        "mean": 0.47457304800000005,
        "std": 0.06938426769242562,
        "folds": [
          0.49762544,
          0.42697942,
          0.43756118,
          0.4104548,
          0.6002444
        ]
      },
      "pcc_3modal": {
        "mean": 0.53836326,
        "std": 0.10889115195589769,
        "folds": [
          0.6996023,
          0.4907518,
          0.3848017,
          0.5006977,
          0.6159628
        ]
      },
      "delta": {
        "mean": -0.06379021200000003,
        "std": 0.08448671436402257,
        "folds": [
          -0.20197686000000004,
          -0.06377238000000002,
          0.05275947999999997,
          -0.09024290000000001,
          -0.01571840000000002
        ]
      },
      "improved_folds": 1
    },
    "Tamoxifen": {
      "pcc_4modal": {
        "mean": 0.445688596,
        "std": 0.07546713137965073,
        "folds": [
          0.415033,
          0.5082965,
          0.45838103,
          0.52933615,
          0.3173963
        ]
      },
      "pcc_3modal": {
        "mean": 0.350423676,
        "std": 0.12610260494822184,
        "folds": [
          0.44922712,
          0.5030826,
          0.22521599,
          0.3940563,
          0.18053637
        ]
      },
      "delta": {
        "mean": 0.09526492,
        "std": 0.09717675834949568,
        "folds": [
          -0.034194119999999995,
          0.0052138999999999935,
          0.23316504000000002,
          0.13527984999999998,
          0.13685993000000002
        ]
      },
      "improved_folds": 4
    },
    "Lapatinib": {
      "pcc_4modal": {
        "mean": 0.458472188,
        "std": 0.19240280518441497,
        "folds": [
          0.3892827,
          0.48615748,
          0.6582058,
          0.63147724,
          0.12723772
        ]
      },
      "pcc_3modal": {
        "mean": 0.43184508400000005,
        "std": 0.1479982004185187,
        "folds": [
          0.46362615,
          0.5432195,
          0.43789363,
          0.56332016,
          0.15116598
        ]
      },
      "delta": {
        "mean": 0.026627104000000006,
        "std": 0.10862173887220893,
        "folds": [
          -0.07434345000000003,
          -0.05706201999999999,
          0.22031216999999997,
          0.06815708000000009,
          -0.023928260000000007
        ]
      },
      "improved_folds": 2
    },
    "Vinblastine": {
      "pcc_4modal": {
        "mean": 0.524982952,
        "std": 0.08148923342009554,
        "folds": [
          0.5431074,
          0.5206012,
          0.40725,
          0.49455616,
          0.6594
        ]
      },
      "pcc_3modal": {
        "mean": 0.45013307999999996,
        "std": 0.09744808427651085,
        "folds": [
          0.5374583,
          0.4865327,
          0.26409063,
          0.44985557,
          0.5127282
        ]
      },
      "delta": {
        "mean": 0.07484987200000001,
        "std": 0.05862665470818386,
        "folds": [
          0.0056490999999999625,
          0.0340685,
          0.14315937,
          0.04470059000000004,
          0.14667180000000002
        ]
      },
      "improved_folds": 5
    },
    "OSI-027": {
      "pcc_4modal": {
        "mean": 0.5334517599999999,
        "std": 0.11137920827150388,
        "folds": [
          0.48818684,
          0.591502,
          0.5885163,
          0.6596424,
          0.33941126
        ]
      },
      "pcc_3modal": {
        "mean": 0.529632592,
        "std": 0.08366087752561491,
        "folds": [
          0.58472884,
          0.5992939,
          0.5228358,
          0.5709115,
          0.37039292
        ]
      },
      "delta": {
        "mean": 0.0038191679999999726,
        "std": 0.06701508069078853,
        "folds": [
          -0.09654200000000002,
          -0.007791900000000074,
          0.06568050000000003,
          0.08873089999999995,
          -0.030981660000000022
        ]
      },
      "improved_folds": 2
    },
    "Daporinad": {
      "pcc_4modal": {
        "mean": 0.312500822,
        "std": 0.08954799417536842,
        "folds": [
          0.33739814,
          0.26815665,
          0.30905765,
          0.46039015,
          0.18750152
        ]
      },
      "pcc_3modal": {
        "mean": 0.313388866,
        "std": 0.10110863954979606,
        "folds": [
          0.18847102,
          0.24702609,
          0.45278698,
          0.41119307,
          0.26746717
        ]
      },
      "delta": {
        "mean": -0.0008880439999999878,
        "std": 0.1020733292191218,