{
  "drugs": {
    "Docetaxel": {
      "n": 25,
      "n_pos": 22,
      "n_neg": 3,
      "methods": {
        "PathOmicDRP_4modal": {
          "auc": 0.7440476190476191,
          "permutation_p": 0.0871,
          "perm_auc_null_mean": 0.4971060606060606,
          "perm_auc_null_std": 0.18135580031678045,
          "bootstrap_ci_95": [
            0.3333333333333333,
            1.0
          ],
          "bootstrap_mean": 0.6665573844842075
        },
        "PathOmicDRP_3modal_nohisto": {
          "auc": 0.5952380952380952,
          "bootstrap_ci_95": [
            0.125,
            0.7916666666666666
          ]
        },
        "PathOmicDRP_3modal_native": {
          "auc": 0.41071428571428575
        },
        "ElasticNet_IC50": {
          "auc": 0.6190476190476191,
          "permutation_p": 0.2754,
          "bootstrap_ci_95": [
            0.17391304347826086,
            0.9565217391304348
          ]
        },
        "Raw_omics": {
          "auc": 0.41071428571428575
        }
      }
    },
    "Paclitaxel": {
      "n": 28,
      "n_pos": 25,
      "n_neg": 3,
      "methods": {
        "PathOmicDRP_4modal": {
          "auc": 0.7268518518518517,
          "permutation_p": 0.1067,
          "perm_auc_null_mean": 0.500228,
          "perm_auc_null_std": 0.17877952037324882,
          "bootstrap_ci_95": [
            0.46956521739130436,
            0.8518518518518519
          ],
          "bootstrap_mean": 0.6668714586729387
        },
        "PathOmicDRP_3modal_nohisto": {
          "auc": 0.6342592592592592,
          "bootstrap_ci_95": [
            0.2222222222222222,
            0.92
          ]
        },
        "PathOmicDRP_3modal_native": {
          "auc": 0.5972222222222222
        },
        "ElasticNet_IC50": {
          "auc": 0.0787037037037037,
          "permutation_p": 0.9948,
          "bootstrap_ci_95": [
            0.0,
            0.34615384615384615
          ]
        },
        "Raw_omics": {
          "auc": 0.4861111111111111
        }
      }
    },
    "Cyclophosphamide": {
      "n": 57,
      "n_pos": 54,
      "n_neg": 3,
      "methods": {
        "PathOmicDRP_4modal": {
          "auc": 0.9074074074074074,
          "permutation_p": 0.0069,
          "perm_auc_null_mean": 0.49890740740740747,
          "perm_auc_null_std": 0.17375069242136248,
          "bootstrap_ci_95": [
            0.5535714285714286,
            1.0
          ],
          "bootstrap_mean": 0.8463871282246027
        },
        "PathOmicDRP_3modal_nohisto": {
          "auc": 0.7777777777777777,
          "bootstrap_ci_95": [
            0.23214285714285715,
            0.9642857142857143
          ]
        },
        "PathOmicDRP_3modal_native": {
          "auc": 0.6296296296296297
        },
        "ElasticNet_IC50": {
          "auc": 0.5370370370370371,
          "permutation_p": 0.4252,
          "bootstrap_ci_95": [
            0.30357142857142855,
            0.7272727272727273
          ]
        },
        "Raw_omics": {
          "auc": 0.5370370370370371
        }
      }
    },
    "Tamoxifen": {
      "n": 71,
      "n_pos": 69,
      "n_neg": 2,
      "methods": {
        "PathOmicDRP_4modal": {
          "auc": null,
          "permutation_p": 1.0,
          "perm_auc_null_mean": 0.4989050724637682,
          "perm_auc_null_std": 0.20902611577436772,
          "bootstrap_ci_95": [
            0.0,
            0.13043478260869565
          ],
          "bootstrap_mean": 0.043101320208842345
        },
        "PathOmicDRP_3modal_nohisto": {
          "auc": 0.20378151260504201,
          "bootstrap_ci_95": [
            0.10294117647058823,
            0.29411764705882354
          ]
        },
        "PathOmicDRP_3modal_native": {
          "auc": 0.18907563025210083
        },
        "ElasticNet_IC50": {
          "auc": 0.7239495798319329,
          "permutation_p": 0.157,
          "bootstrap_ci_95": [
            0.5142857142857142,
            0.8714285714285714
          ]
        },
        "Raw_omics": {
          "auc": 0.6365546218487395
        }
      }
    },
    "Doxorubicin": {
      "n": 38,
      "n_pos": 34,
      "n_neg": 4,
      "methods": {
        "PathOmicDRP_4modal": {
          "auc": 0.9444444444444444,
          "permutation_p": 0.0006,
          "perm_auc_null_mean": 0.5028176470588236,
          "perm_auc_null_std": 0.15374723211844513,
          "bootstrap_ci_95": [
            0.8108108108108109,
            1.0
          ],
          "bootstrap_mean": 0.9340064518828219
        },
        "PathOmicDRP_3modal_nohisto": {
          "auc": 0.3888888888888889,
          "bootstrap_ci_95": [
            0.14705882352941177,
            0.8
          ]
        },
        "PathOmicDRP_3modal_native": {
          "auc": 0.41666666666666663
        },
        "ElasticNet_IC50": {
          "auc": 0.6076388888888888,
          "permutation_p": 0.2474,
          "bootstrap_ci_95": [
            0.380952380952381,
            0.8611111111111112
          ]
        },
        "Raw_omics": {
          "auc": 0.7534722222222222
        }
      }
    }
  },
  "summary": {
    "drugs_compared": [
      "Docetaxel",
      "Paclitaxel",
      "Cyclophosphamide",
      "Doxorubicin"
    ],
    "PathOmicDRP_4modal_mean_auc": 0.8306878306878307,
    "ElasticNet_mean_auc": 0.4606068121693122,
    "PathOmicDRP_3modal_mean_auc": 0.5990410052910052,
    "mean_advantage_over_elasticnet": 0.3700810185185185,
    "mean_advantage_over_3modal": 0.23164682539682543,
    "n_drugs_4modal_wins_vs_en": 4,
    "n_drugs_4modal_wins_vs_3m": 4,
    "sign_test_p_vs_elasticnet": 0.0625
  }
}