method,pcc_drug_mean_mean,Cisplatin_1005,Docetaxel_1007,Paclitaxel_1080,Gemcitabine_1190,Tamoxifen_1199,Lapatinib_1558,Vinblastine_1004,OSI-027_1594,Daporinad_1248,Venetoclax_1909,ABT737_1910,AZD5991_1720,Fulvestrant_1816
PathomicFusion,0.6786189877069914,0.7224123001098632,0.7595209121704102,0.6554692387580872,0.7077509760856628,0.5462305903434753,0.7357896566390991,0.701704490184784,0.7406852841377258,0.5120116591453552,0.7680017352104187,0.6918912291526794,0.6260321617126465,0.65454660654068
MOLI,0.716623374590507,0.7531506896018982,0.7799684286117554,0.7010437965393066,0.7414670705795288,0.6013445019721985,0.7758094429969787,0.7354708313941956,0.7623461604118347,0.5730577051639557,0.797823429107666,0.7400116920471191,0.6653020143508911,0.6893081068992615
SuperFELT,0.7383491479433499,0.7560965895652771,0.7994693040847778,0.7395057320594788,0.760965096950531,0.6365632116794586,0.7828537106513977,0.7625187039375305,0.7796866059303283,0.6152831375598907,0.8182564377784729,0.7424810767173767,0.6981781840324401,0.7066811323165894
PathOmicDRP,0.4358750930199256,0.4317174255847931,0.4610084593296051,0.42692382335662843,0.46749313473701476,0.41803207993507385,0.4573811650276184,0.4331069588661194,0.5424394071102142,0.31494161784648894,0.41730129420757295,0.364572548866272,0.5144242167472839,0.41703407764434813
