{
  "drugs": [
    "Cisplatin_1005",
    "Docetaxel_1007",
    "Paclitaxel_1080",
    "Gemcitabine_1190",
    "Tamoxifen_1199",
    "Lapatinib_1558",
    "Vinblastine_1004",
    "OSI-027_1594",
    "Daporinad_1248",
    "Venetoclax_1909",
    "ABT737_1910",
    "AZD5991_1720",
    "Fulvestrant_1816"
  ],
  "conditions": [
    "full",
    "drop_genomic",
    "drop_transcriptomic",
    "drop_proteomic",
    "drop_histology"
  ],
  "per_fold": [
    {
      "full": {
        "pcc_drug_mean": 0.41232767128027403,
        "per_drug": [
          0.43641898036003113,
          0.48964303731918335,
          0.33682897686958313,
          0.4887678027153015,
          0.42684206366539,
          0.34407585859298706,
          0.44254425168037415,
          0.4380303919315338,
          0.17259494960308075,
          0.5011626482009888,
          0.3723246455192566,
          0.5362849235534668,
          0.37474119663238525
        ]
      },
      "drop_genomic": {
        "pcc_drug_mean": 0.4123278810427739,
        "per_drug": [
          0.43642714619636536,
          0.48964548110961914,
          0.3368331789970398,
          0.4887712895870209,
          0.42684781551361084,
          0.3440667390823364,
          0.4425487518310547,
          0.43802502751350403,
          0.17259249091148376,
          0.5011845231056213,
          0.3723039925098419,
          0.536281406879425,
          0.3747346103191376
        ]
      },
      "drop_transcriptomic": {
        "pcc_drug_mean": 0.3039463277046497,
        "per_drug": [
          0.2786923944950104,
          0.2980204224586487,
          0.276226669549942,
          0.3380715250968933,
          0.3357260823249817,
          0.31215089559555054,
          0.26909565925598145,
          0.4178565740585327,
          0.12172940373420715,
          0.345028817653656,
          0.27257999777793884,
          0.4495864510536194,
          0.236537367105484
        ]
      },
      "drop_proteomic": {
        "pcc_drug_mean": 0.4123303454655867,
        "per_drug": [
          0.4364258348941803,
          0.489546000957489,
          0.3367861211299896,
          0.4887044429779053,
          0.4270281195640564,
          0.3441767692565918,
          0.4425145387649536,
          0.43804535269737244,
          0.1726498007774353,
          0.5011914372444153,
          0.372281551361084,
          0.5362306237220764,
          0.3747138977050781
        ]
      },
      "drop_histology": {
        "pcc_drug_mean": 0.18981535045000222,
        "per_drug": [
          0.10362104326486588,
          0.34533509612083435,
          0.25122731924057007,
          0.1261335015296936,
          0.1718086302280426,
          0.2541181743144989,
          0.2860908806324005,
          -0.031383760273456573,
          -0.09349370002746582,
          0.20586946606636047,
          0.2479240894317627,
          0.3885250389575958,
          0.21182377636432648
        ]
      }
    },
    {
      "full": {
        "pcc_drug_mean": 0.4230253134782498,
        "per_drug": [
          0.40460094809532166,
          0.44185352325439453,
          0.40397632122039795,
          0.3984273374080658,
          0.5129236578941345,
          0.5411205887794495,
          0.43858200311660767,
          0.5563574433326721,
          0.3338709771633148,
          0.2357475608587265,
          0.18526843190193176,
          0.5209031701087952,
          0.5256971120834351
        ]
      },
      "drop_genomic": {
        "pcc_drug_mean": 0.42306085389394027,
        "per_drug": [
          0.4045778512954712,
          0.4419212341308594,
          0.4040118455886841,
          0.3984849154949188,
          0.5129379034042358,
          0.5412135124206543,
          0.43868327140808105,
          0.5564260482788086,
          0.333892822265625,
          0.23578301072120667,
          0.1853003054857254,
          0.5208937525749207,
          0.5256646275520325
        ]
      },
      "drop_transcriptomic": {
        "pcc_drug_mean": 0.3376140852387135,
        "per_drug": [
          0.3388918936252594,
          0.30744224786758423,
          0.37054240703582764,
          0.24129904806613922,
          0.46963033080101013,
          0.5392827987670898,
          0.22343948483467102,
          0.4747309982776642,
          0.21906784176826477,
          0.20839497447013855,
          0.10612218827009201,
          0.4685092568397522,
          0.4216296374797821
        ]
      },
      "drop_proteomic": {
        "pcc_drug_mean": 0.4230946875535525,
        "per_drug": [
          0.40455949306488037,
          0.4419579803943634,
          0.40401914715766907,
          0.39855536818504333,
          0.5129058361053467,
          0.5412073135375977,
          0.438753217458725,
          0.5564576983451843,
          0.33383888006210327,
          0.23596087098121643,
          0.18541479110717773,
          0.5209214687347412,
          0.5256788730621338
        ]
      },
      "drop_histology": {
        "pcc_drug_mean": 0.19525320541400176,
        "per_drug": [
          0.23397961258888245,
          0.31226441264152527,
          0.17114140093326569,
          0.4218161404132843,
          0.24863438308238983,
          0.14509207010269165,
          0.33866992592811584,
          0.08517391979694366,
          -0.26041606068611145,
          0.23420198261737823,
          0.09327993541955948,
          0.35532569885253906,
          0.15912824869155884
        ]
      }
    },
    {
      "full": {
        "pcc_drug_mean": 0.44350666266221267,
        "per_drug": [
          0.33718588948249817,
          0.39805808663368225,
          0.5120806097984314,
          0.29333996772766113,
          0.45976686477661133,
          0.6609209775924683,
          0.3536420464515686,
          0.6480973362922668,
          0.32176831364631653,
          0.5477762818336487,
          0.39746353030204773,
          0.48956865072250366,
          0.34591805934906006
        ]
      },
      "drop_genomic": {
        "pcc_drug_mean": 0.44349271288284886,
        "per_drug": [
          0.3371680974960327,
          0.3980664610862732,
          0.5121119618415833,
          0.293367862701416,
          0.45975086092948914,
          0.6608717441558838,
          0.35371309518814087,
          0.6480879187583923,
          0.3218347728252411,
          0.5475673675537109,
          0.39744096994400024,
          0.4895075857639313,
          0.3459165692329407
        ]
      },
      "drop_transcriptomic": {
        "pcc_drug_mean": 0.4021978836793166,
        "per_drug": [
          0.35891661047935486,
          0.33044418692588806,
          0.4798872768878937,
          0.315001904964447,
          0.4602890610694885,
          0.5820027589797974,
          0.2868141531944275,
          0.5682458281517029,
          0.27581778168678284,
          0.49570778012275696,
          0.3192062973976135,
          0.45942172408103943,
          0.2968171238899231
        ]
      },
      "drop_proteomic": {
        "pcc_drug_mean": 0.4436192145714393,
        "per_drug": [
          0.3375604748725891,
          0.3982628881931305,
          0.5122825503349304,
          0.29416733980178833,
          0.45951226353645325,
          0.6610129475593567,
          0.35451340675354004,
          0.6480604410171509,
          0.32011404633522034,
          0.549089252948761,
          0.39721015095710754,
          0.4886242151260376,
          0.34663981199264526
        ]
      },
      "drop_histology": {
        "pcc_drug_mean": 0.20596799268745458,