{
  "methods": [
    "PathOmicDRP_embedding_256d",
    "PCA256_4modal_raw",
    "PCA256_omics_only",
    "Raw_4modal",
    "ImputedIC50_13d"
  ],
  "drugs": {
    "Docetaxel": {
      "n": 25,
      "n_pos": 22,
      "n_neg": 3,
      "methods": {
        "PathOmicDRP_embedding_256d": {
          "auc_mean": 0.35714285714285715,
          "auc_std": 0.1543033499620919,
          "bootstrap_mean": 0.36521670304656684,
          "bootstrap_ci95": [
            0.16666666666666666,
            0.5833333333333334
          ],
          "n_iter_valid": 1920
        },
        "PCA256_4modal_raw": {
          "auc_mean": 0.7440476190476191,
          "auc_std": 0.2673937791097167,
          "bootstrap_mean": 0.7084403071360399,
          "bootstrap_ci95": [
            0.16666666666666666,
            1.0
          ],
          "n_iter_valid": 1920
        },
        "PCA256_omics_only": {
          "auc_mean": 0.4226190476190476,
          "auc_std": 0.24061170156437783,
          "bootstrap_mean": 0.4854398753258238,
          "bootstrap_ci95": [
            0.0,
            0.875
          ],
          "n_iter_valid": 1920
        },
        "Raw_4modal": {
          "auc_mean": 0.38095238095238093,
          "auc_std": 0.2693740118805895,
          "bootstrap_mean": 0.48407342431456174,
          "bootstrap_ci95": [
            0.043478260869565216,
            0.8260869565217391
          ],
          "n_iter_valid": 1920
        },
        "ImputedIC50_13d": {
          "auc_mean": 0.7321428571428572,
          "auc_std": 0.09560939526314885,
          "bootstrap_mean": 0.7391751612707643,
          "bootstrap_ci95": [
            0.5237577639751552,
            0.9166666666666666
          ],
          "n_iter_valid": 1920
        }
      }
    },
    "Paclitaxel": {
      "n": 28,
      "n_pos": 25,
      "n_neg": 3,
      "methods": {
        "PathOmicDRP_embedding_256d": {
          "auc_mean": 0.28703703703703703,
          "auc_std": 0.16090877034243303,
          "bootstrap_mean": 0.32805369695096265,
          "bootstrap_ci95": [
            0.0,
            0.6256666666666665
          ],
          "n_iter_valid": 1905
        },
        "PCA256_4modal_raw": {
          "auc_mean": 0.7685185185185185,
          "auc_std": 0.1819155805961898,
          "bootstrap_mean": 0.6714523939415089,
          "bootstrap_ci95": [
            0.38461538461538464,
            0.9230769230769231
          ],
          "n_iter_valid": 1905
        },
        "PCA256_omics_only": {
          "auc_mean": 0.49074074074074076,
          "auc_std": 0.21556382827449658,
          "bootstrap_mean": 0.48019846199890587,
          "bootstrap_ci95": [
            0.28,
            0.6818181818181818
          ],
          "n_iter_valid": 1905
        },
        "Raw_4modal": {
          "auc_mean": 0.4490740740740741,
          "auc_std": 0.16833017558053556,
          "bootstrap_mean": 0.5034851768178468,
          "bootstrap_ci95": [
            0.18518518518518517,
            0.7777777777777778
          ],
          "n_iter_valid": 1905
        },
        "ImputedIC50_13d": {
          "auc_mean": 0.08333333333333333,
          "auc_std": 0.05892556509887896,
          "bootstrap_mean": 0.08939896581362708,
          "bootstrap_ci95": [
            0.0,
            0.2897435897435893
          ],
          "n_iter_valid": 1905
        }
      }
    },
    "Cyclophosphamide": {
      "n": 57,
      "n_pos": 54,
      "n_neg": 3,
      "methods": {
        "PathOmicDRP_embedding_256d": {
          "auc_mean": 0.9259259259259259,
          "auc_std": 0.06928995160692482,
          "bootstrap_mean": 0.9402914460705667,
          "bootstrap_ci95": [
            0.8392857142857143,
            1.0
          ],
          "n_iter_valid": 1892
        },
        "PCA256_4modal_raw": {
          "auc_mean": 0.35185185185185186,
          "auc_std": 0.32181754068486607,
          "bootstrap_mean": 0.36655015213846376,
          "bootstrap_ci95": [
            0.0,
            0.8928571428571429
          ],
          "n_iter_valid": 1892
        },
        "PCA256_omics_only": {
          "auc_mean": 0.25925925925925924,
          "auc_std": 0.29162992125969667,
          "bootstrap_mean": 0.285416366284896,
          "bootstrap_ci95": [
            0.0,
            0.875
          ],
          "n_iter_valid": 1892
        },
        "Raw_4modal": {
          "auc_mean": 0.5555555555555555,
          "auc_std": 0.24002743327436518,
          "bootstrap_mean": 0.5265336339835747,
          "bootstrap_ci95": [
            0.26211538461538464,
            0.8888888888888888
          ],
          "n_iter_valid": 1892
        },
        "ImputedIC50_13d": {
          "auc_mean": 0.5555555555555555,
          "auc_std": 0.12001371663718259,
          "bootstrap_mean": 0.48653554916959096,
          "bootstrap_ci95": [
            0.2,
            0.7592592592592594
          ],
          "n_iter_valid": 1892
        }
      }
    },
    "Doxorubicin": {
      "n": 38,
      "n_pos": 34,
      "n_neg": 4,
      "methods": {
        "PathOmicDRP_embedding_256d": {
          "auc_mean": 0.8055555555555556,
          "auc_std": 0.2273709103297903,
          "bootstrap_mean": 0.7620146830829054,
          "bootstrap_ci95": [
            0.339390756302521,
            1.0
          ],
          "n_iter_valid": 1971
        },
        "PCA256_4modal_raw": {
          "auc_mean": 0.24305555555555555,
          "auc_std": 0.29617872377966836,
          "bootstrap_mean": 0.22011967464101626,
          "bootstrap_ci95": [
            0.0,
            0.7222222222222222
          ],
          "n_iter_valid": 1971
        },
        "PCA256_omics_only": {
          "auc_mean": 0.059027777777777776,
          "auc_std": 0.059231673990388825,
          "bootstrap_mean": 0.07360978059330757,
          "bootstrap_ci95": [
            0.0,
            0.1696969696969697
          ],
          "n_iter_valid": 1971
        },
        "Raw_4modal": {
          "auc_mean": 0.6701388888888888,
          "auc_std": 0.19552650312918177,
          "bootstrap_mean": 0.7111283095187838,
          "bootstrap_ci95": [
            0.4594594594594595,
            0.9444444444444444
          ],
          "n_iter_valid": 1971
        },
        "ImputedIC50_13d": {
          "auc_mean": 0.5347222222222222,
          "auc_std": 0.3387152332849222,
          "bootstrap_mean": 0.48599241187845227,
          "bootstrap_ci95": [
            0.16216216216216217,
            0.8
          ],
          "n_iter_valid": 1971
        }
      }
    }
  },
  "mean_auc_across_drugs": {
    "PathOmicDRP_embedding_256d": 0.593915343915344,
    "PCA256_4modal_raw": 0.5268683862433863,
    "PCA256_omics_only": 0.30791170634920634,
    "Raw_4modal": 0.5139302248677249,
    "ImputedIC50_13d": 0.4764384920634921
  }
}