{
  "n_metabric_samples": 1980,
  "n_common_genes": 1960,
  "biomarker_concordance": {
    "Tamoxifen_1199_vs_ER_STATUS": {
      "n_pos": 1506,
      "n_neg": 474,
      "mean_pos": 3.526864528656006,
      "mean_neg": 4.190752983093262,
      "delta_pos_minus_neg": -0.6638884544372559,
      "mannwhitney_p": 1.3792356524919293e-30,
      "expected_direction": "neg",
      "concordant_with_expectation": true
    },
    "Fulvestrant_1816_vs_ER_STATUS": {
      "n_pos": 1506,
      "n_neg": 474,
      "mean_pos": 3.94329833984375,
      "mean_neg": 4.5211381912231445,
      "delta_pos_minus_neg": -0.5778398513793945,
      "mannwhitney_p": 8.860130469931605e-34,
      "expected_direction": "neg",
      "concordant_with_expectation": true
    },
    "Lapatinib_1558_vs_HER2_STATUS": {
      "n_pos": 247,
      "n_neg": 1733,
      "mean_pos": 4.149956226348877,
      "mean_neg": 4.359917163848877,
      "delta_pos_minus_neg": -0.2099609375,
      "mannwhitney_p": 0.12340204169473083,
      "expected_direction": "neg",
      "concordant_with_expectation": true
    }
  },
  "survival": {
    "n": 1980,
    "per_drug": {
      "Cisplatin_1005": {
        "cox_hr_per_sd": 1.0805856023395912,
        "cox_p": 0.007767754523401153,
        "logrank_p": 0.0003798073298989512,
        "logrank_stat": 12.629004765799275,
        "cox_q_fdr": 0.050490404402107496
      },
      "Docetaxel_1007": {
        "cox_hr_per_sd": 1.057788160534078,
        "cox_p": 0.05627193146616811,
        "logrank_p": 0.013552011930541013,
        "logrank_stat": 6.095584127052687,
        "cox_q_fdr": 0.11877306286379408
      },
      "Paclitaxel_1080": {
        "cox_hr_per_sd": 1.0547547877650394,
        "cox_p": 0.06395472615742757,
        "logrank_p": 0.07520274827883117,
        "logrank_stat": 3.1656444881328842,
        "cox_q_fdr": 0.11877306286379408
      },
      "Gemcitabine_1190": {
        "cox_hr_per_sd": 1.0364203153488607,
        "cox_p": 0.21741721396417937,
        "logrank_p": 0.1908904754603135,
        "logrank_stat": 1.710731609194601,
        "cox_q_fdr": 0.314047086837148
      },
      "Tamoxifen_1199": {
        "cox_hr_per_sd": 1.0670710526612535,
        "cox_p": 0.025582658343713635,
        "logrank_p": 0.08446303486360811,
        "logrank_stat": 2.976859089057638,
        "cox_q_fdr": 0.0831436396170693
      },
      "Lapatinib_1558": {
        "cox_hr_per_sd": 0.9752563559233741,
        "cox_p": 0.38801765163877444,
        "logrank_p": 0.4947063256566131,
        "logrank_stat": 0.46627397773666956,
        "cox_q_fdr": 0.5044229471304067
      },
      "Vinblastine_1004": {
        "cox_hr_per_sd": 1.0590262432536548,
        "cox_p": 0.04862054322337217,
        "logrank_p": 0.20275577929763702,
        "logrank_stat": 1.6224121224839507,
        "cox_q_fdr": 0.11877306286379408
      },
      "OSI-027_1594": {
        "cox_hr_per_sd": 1.0086327134385804,
        "cox_p": 0.7701111534699544,
        "logrank_p": 0.16224453031945457,
        "logrank_stat": 1.9531805289870898,
        "cox_q_fdr": 0.8761019285232461
      },
      "Daporinad_1248": {
        "cox_hr_per_sd": 0.9929303348361039,
        "cox_p": 0.8087094724829964,
        "logrank_p": 0.4898300659912713,
        "logrank_stat": 0.47689953594015927,
        "cox_q_fdr": 0.8761019285232461
      },
      "Venetoclax_1909": {
        "cox_hr_per_sd": 1.0685814264251192,
        "cox_p": 0.02395040365512107,
        "logrank_p": 0.11420953550718567,
        "logrank_stat": 2.4949840187329766,
        "cox_q_fdr": 0.0831436396170693
      },
      "ABT737_1910": {
        "cox_hr_per_sd": 1.1159334683365678,
        "cox_p": 0.0002445563767570894,
        "logrank_p": 0.0017445174334496123,
        "logrank_stat": 9.800633706934107,
        "cox_q_fdr": 0.003179232897842162
      },
      "AZD5991_1720": {
        "cox_hr_per_sd": 1.0530683770734122,
        "cox_p": 0.07333978275203501,
        "logrank_p": 0.013836782362130453,
        "logrank_stat": 6.058849180981525,
        "cox_q_fdr": 0.11917714697205689
      },
      "Fulvestrant_1816": {
        "cox_hr_per_sd": 0.9975679926344212,
        "cox_p": 0.9331497180954036,
        "logrank_p": 0.25515882815681545,
        "logrank_stat": 1.294835010117468,
        "cox_q_fdr": 0.9331497180954036
      }
    }
  },
  "drug_drug_correlation_conservation": {
    "spearman_rho": 0.9607734038113784,
    "spearman_p": 4.419022557035627e-44,
    "n_pairs": 78
  }
}