{
  "Cisplatin_1005": {
    "pearson_r": 0.4146612286567688,
    "pearson_p": 2.4370287010309787e-19,
    "spearman_r": 0.4035202971276462,
    "spearman_p": 2.6196269347121384e-18
  },
  "Docetaxel_1007": {
    "pearson_r": 0.4502415060997009,
    "pearson_p": 6.667504686766145e-23,
    "spearman_r": 0.45164436410726805,
    "spearman_p": 4.728245240815528e-23
  },
  "Paclitaxel_1080": {
    "pearson_r": 0.4139029383659363,
    "pearson_p": 2.8726314438002887e-19,
    "spearman_r": 0.4266599519176004,
    "spearman_p": 1.706613415009401e-20
  },
  "Gemcitabine_1190": {
    "pearson_r": 0.4786994457244873,
    "pearson_p": 4.5365526104216744e-26,
    "spearman_r": 0.4435292601185873,
    "spearman_p": 3.3781894362142454e-22
  },
  "Tamoxifen_1199": {
    "pearson_r": 0.38714683055877686,
    "pearson_p": 7.332651450770198e-17,
    "spearman_r": 0.38293719311498414,
    "spearman_p": 1.676597482678078e-16
  },
  "Lapatinib_1558": {
    "pearson_r": 0.4694667458534241,
    "pearson_p": 5.211827355439991e-25,
    "spearman_r": 0.3809185716769486,
    "spearman_p": 2.482148663724367e-16
  },
  "Vinblastine_1004": {
    "pearson_r": 0.4290653467178345,
    "pearson_p": 9.886314041550385e-21,
    "spearman_r": 0.43797595280490653,
    "spearman_p": 1.2589547780799365e-21
  },
  "OSI-027_1594": {
    "pearson_r": 0.5278474688529968,
    "pearson_p": 2.7301632694031284e-32,
    "spearman_r": 0.4870132556340941,
    "spearman_p": 4.721018293097919e-27
  },
  "Daporinad_1248": {
    "pearson_r": 0.2964537739753723,
    "pearson_p": 3.4218820896017035e-10,
    "spearman_r": 0.23245876724401518,
    "spearman_p": 1.0665302124881953e-06
  },
  "Venetoclax_1909": {
    "pearson_r": 0.3600515127182007,
    "pearson_p": 1.2254705602883821e-14,
    "spearman_r": 0.3556520800733826,
    "spearman_p": 2.690685322460633e-14
  },
  "ABT737_1910": {
    "pearson_r": 0.35650432109832764,
    "pearson_p": 2.312650477087199e-14,
    "spearman_r": 0.34612478042171024,
    "spearman_p": 1.4176376244719274e-13
  },
  "AZD5991_1720": {
    "pearson_r": 0.4621155858039856,
    "pearson_p": 3.4549136285764075e-24,
    "spearman_r": 0.49266743406655994,
    "spearman_p": 9.776516683233867e-28
  },
  "Fulvestrant_1816": {
    "pearson_r": 0.40055835247039795,
    "pearson_p": 4.852799670326558e-18,
    "spearman_r": 0.37286686810913866,
    "spearman_p": 1.1556745447003199e-15
  },
  "__global__": {
    "pearson_r": 0.9312247037887573,
    "n_patients": 431
  }
}