{
  "decision_curves": {
    "Doxorubicin": {
      "n_total": 38,
      "n_nonresponder": 4,
      "n_responder": 34,
      "auc_nonresponse": 0.1985294117647059,
      "auc_bootstrap_ci95": [
        0.07285511363636363,
        0.3474841200647648
      ],
      "auc_dca_integrated_gain": 0.15105022945709612,
      "dominant_range": [
        null,
        null
      ]
    },
    "Cyclophosphamide": {
      "n_total": 57,
      "n_nonresponder": 3,
      "n_responder": 54,
      "auc_nonresponse": 0.26543209876543206,
      "auc_bootstrap_ci95": [
        0.14538961038961043,
        0.4
      ],
      "auc_dca_integrated_gain": 0.2208109374432814,
      "dominant_range": [
        null,
        null
      ]
    },
    "Paclitaxel": {
      "n_total": 28,
      "n_nonresponder": 3,
      "n_responder": 25,
      "auc_nonresponse": 0.36,
      "auc_bootstrap_ci95": [
        0.07407407407407407,
        0.6875
      ],
      "auc_dca_integrated_gain": 0.15568125863650162,
      "dominant_range": [
        null,
        null
      ]
    },
    "Docetaxel": {
      "n_total": 25,
      "n_nonresponder": 3,
      "n_responder": 22,
      "auc_nonresponse": 0.6666666666666666,
      "auc_bootstrap_ci95": [
        0.2727272727272727,
        1.0
      ],
      "auc_dca_integrated_gain": 0.1996113994552717,
      "dominant_range": [
        0.07,
        0.19999999999999996
      ]
    }
  },
  "scenario": {
    "n_subset_er_her2": 165,
    "n_predicted_nonresponders": 42,
    "recommendation_distribution": {
      "Daporinad_1248": 23,
      "OSI-027_1594": 12,
      "Lapatinib_1558": 6,
      "ABT737_1910": 1
    },
    "among_predicted_NR_on_hormone_therapy": {
      "good": 3,
      "bad": 1,
      "any": 27
    }
  }
}