{
  "thresholds": [
    0.01,
    0.02,
    0.03,
    0.04,
    0.05,
    0.060000000000000005,
    0.06999999999999999,
    0.08,
    0.09,
    0.09999999999999999,
    0.11,
    0.12,
    0.13,
    0.14,
    0.15000000000000002,
    0.16,
    0.17,
    0.18000000000000002,
    0.19,
    0.2,
    0.21000000000000002,
    0.22,
    0.23,
    0.24000000000000002,
    0.25,
    0.26,
    0.27,
    0.28,
    0.29000000000000004,
    0.3,
    0.31,
    0.32,
    0.33,
    0.34,
    0.35000000000000003,
    0.36000000000000004,
    0.37,
    0.38,
    0.39,
    0.4,
    0.41000000000000003,
    0.42000000000000004,
    0.43,
    0.44,
    0.45,
    0.46,
    0.47000000000000003,
    0.48000000000000004,
    0.49,
    0.5,
    0.51,
    0.52,
    0.53,
    0.54,
    0.55,
    0.56,
    0.5700000000000001,
    0.5800000000000001,
    0.59,
    0.6,
    0.61,
    0.62,
    0.63,
    0.64,
    0.65,
    0.66,
    0.67,
    0.68,
    0.6900000000000001,
    0.7000000000000001,
    0.7100000000000001,
    0.72,
    0.73,
    0.74,
    0.75,
    0.76,
    0.77,
    0.78,
    0.79,
    0.8
  ],
  "summary": {
    "Docetaxel": {
      "panel_drug": "Docetaxel_1007",
      "n_patients": 25,
      "n_nonresponder": 3,
      "n_responder": 22,
      "auc_nonresponse": 0.2424242424242424,
      "auc_dca_relative": 0.3366944725935106,
      "range_dominant_pt": [
        0.03,
        0.09999999999999999
      ]
    },
    "Paclitaxel": {
      "panel_drug": "Paclitaxel_1080",
      "n_patients": 28,
      "n_nonresponder": 3,
      "n_responder": 25,
      "auc_nonresponse": 0.26666666666666666,
      "auc_dca_relative": 0.3637742269760909,
      "range_dominant_pt": [
        null,
        null
      ]
    }
  }
}