{
  "thresholds": [
    0.05,
    0.06,
    0.07,
    0.08,
    0.09,
    0.09999999999999999,
    0.10999999999999999,
    0.12,
    0.13,
    0.13999999999999999,
    0.14999999999999997,
    0.15999999999999998,
    0.16999999999999998,
    0.18,
    0.19,
    0.19999999999999996,
    0.20999999999999996,
    0.21999999999999997,
    0.22999999999999998,
    0.24,
    0.24999999999999994,
    0.25999999999999995,
    0.26999999999999996,
    0.27999999999999997,
    0.29,
    0.3,
    0.30999999999999994,
    0.31999999999999995,
    0.32999999999999996,
    0.33999999999999997,
    0.3499999999999999,
    0.35999999999999993,
    0.36999999999999994,
    0.37999999999999995,
    0.38999999999999996,
    0.3999999999999999,
    0.4099999999999999,
    0.41999999999999993,
    0.42999999999999994,
    0.43999999999999995,
    0.4499999999999999,
    0.4599999999999999,
    0.4699999999999999,
    0.4799999999999999,
    0.48999999999999994,
    0.49999999999999994,
    0.5099999999999999,
    0.5199999999999999,
    0.5299999999999999,
    0.5399999999999999,
    0.5499999999999999,
    0.5599999999999999,
    0.57,
    0.58,
    0.59,
    0.6
  ],
  "summary": {
    "Doxorubicin": {
      "n_total": 38,
      "n_nonresponder": 4,
      "n_responder": 34,
      "auc_nonresponse": 0.1985294117647059,
      "auc_bootstrap_ci95": [
        0.07285511363636363,
        0.3474841200647648
      ],
      "auc_dca_integrated_gain": 0.15105022945709612,
      "dominant_range": [
        null,
        null
      ]
    },
    "Cyclophosphamide": {
      "n_total": 57,
      "n_nonresponder": 3,
      "n_responder": 54,
      "auc_nonresponse": 0.26543209876543206,
      "auc_bootstrap_ci95": [
        0.14538961038961043,
        0.4
      ],
      "auc_dca_integrated_gain": 0.2208109374432814,
      "dominant_range": [
        null,
        null
      ]
    },
    "Paclitaxel": {
      "n_total": 28,
      "n_nonresponder": 3,
      "n_responder": 25,
      "auc_nonresponse": 0.36,
      "auc_bootstrap_ci95": [
        0.07407407407407407,
        0.6875
      ],
      "auc_dca_integrated_gain": 0.15568125863650162,
      "dominant_range": [
        null,
        null
      ]
    },
    "Docetaxel": {
      "n_total": 25,
      "n_nonresponder": 3,
      "n_responder": 22,
      "auc_nonresponse": 0.6666666666666666,
      "auc_bootstrap_ci95": [
        0.2727272727272727,
        1.0
      ],
      "auc_dca_integrated_gain": 0.1996113994552717,
      "dominant_range": [
        0.07,
        0.19999999999999996
      ]
    }
  }
}